segmentation,k,recall,mean_intra_dist
Coherent,1,0.946,0.84943
Coherent,5,1.0,0.84943
Coherent,10,1.0,0.84943
Coherent,20,1.0,0.84943
Semi-3,1,0.1215,0.97167605
Semi-3,5,0.4345,0.97167605
Semi-3,10,0.6015,0.97167605
Semi-3,20,0.726,0.97167605
Semi-5,1,0.066,0.97919965
Semi-5,5,0.28,0.97919965
Semi-5,10,0.438,0.97919965
Semi-5,20,0.615,0.97919965
Random,1,0.0185,0.99315697
Random,5,0.079,0.99315697
Random,10,0.1355,0.99315697
Random,20,0.244,0.99315697
