segmentation,k,recall,mean_intra_dist
Coherent,1,0.954,0.8380404
Coherent,5,1.0,0.8380404
Coherent,10,1.0,0.8380404
Coherent,20,1.0,0.8380404
Semi-3,1,0.133,0.972409
Semi-3,5,0.455,0.972409
Semi-3,10,0.644,0.972409
Semi-3,20,0.7705,0.972409
Semi-5,1,0.082,0.9814818
Semi-5,5,0.309,0.9814818
Semi-5,10,0.4915,0.9814818
Semi-5,20,0.6615,0.9814818
Random,1,0.029,0.9946039
Random,5,0.088,0.9946039
Random,10,0.146,0.9946039
Random,20,0.241,0.9946039
