method,n_centroids,centroid_memory_bytes,centroid_memory_kb,centroid_memory_mb,pct_of_vector_storage,build_time_mean_s,build_time_std_s,per_segment_time_ms,overhead_multiplier,n_segments,n_vectors,dim
Baseline,200,307200,300.0,0.29296875,0.2,0.04223275184631348,0.0022197928314756643,0.0,1.0,200,100000,384
HMRC-2,400,614400,600.0,0.5859375,0.4,0.7656067212422689,0.04583029391731864,3.5994064807891846,2.0,200,100000,384
HMRC-3,600,921600,900.0,0.87890625,0.6,0.8762329419453939,0.043886991865335345,4.119342565536499,3.0,200,100000,384
HMRC-5,1000,1536000,1500.0,1.46484375,1.0,1.2084112962086995,0.046113299530855495,6.227092742919922,5.0,200,100000,384
HMRC-7,1400,2150400,2100.0,2.05078125,1.4000000000000001,1.3214391072591145,0.03049936891821158,6.520873308181763,7.0,200,100000,384
